[{"_id":1,"qty":80,"price":512,"description":"in faucibus"},
{"_id":2,"qty":11,"price":23,"description":"nec sem duis"},
{"_id":3,"qty":43,"price":534,"description":"orci"},
{"_id":4,"qty":89,"price":45,"description":"vitae"},
{"_id":5,"qty":82,"price":556,"description":"ac leo pellentesque"},
{"_id":6,"qty":69,"price":67,"description":"in quam fringilla"},
{"_id":7,"qty":41,"price":578,"description":"vitae"},
{"_id":8,"qty":21,"price":89,"description":"cum"},
{"_id":9,"qty":95,"price":600,"description":"pulvinar lobortis est"},
{"_id":10,"qty":45,"price":111,"description":"nec"},
{"_id":11,"qty":43,"price":622,"description":"et"},
{"_id":12,"qty":89,"price":133,"description":"rhoncus mauris"},
{"_id":13,"qty":25,"price":644,"description":"quis"},
{"_id":14,"qty":84,"price":155,"description":"augue quam sollicitudin"},
{"_id":15,"qty":24,"price":666,"description":"diam cras pellentesque"},
{"_id":16,"qty":12,"price":177,"description":"vestibulum aliquet"},
{"_id":17,"qty":100,"price":688,"description":"tortor sollicitudin"},
{"_id":18,"qty":71,"price":199,"description":"massa id nisl"},
{"_id":19,"qty":70,"price":710,"description":"sapien urna pretium"},
{"_id":20,"qty":71,"price":221,"description":"vivamus in felis"},
{"_id":21,"qty":88,"price":732,"description":"parturient montes"},
{"_id":22,"qty":38,"price":243,"description":"non sodales"},
{"_id":23,"qty":78,"price":754,"description":"ultrices erat tortor"},
{"_id":24,"qty":93,"price":265,"description":"lobortis est"},
{"_id":25,"qty":90,"price":776,"description":"pretium"},
{"_id":26,"qty":11,"price":287,"description":"quis"},
{"_id":27,"qty":37,"price":798,"description":"eros suspendisse accumsan"},
{"_id":28,"qty":47,"price":309,"description":"sit amet cursus"},
{"_id":29,"qty":7,"price":820,"description":"at dolor quis"},
{"_id":30,"qty":0,"price":331,"description":"in hac habitasse"},
{"_id":31,"qty":33,"price":842,"description":"quis turpis"},
{"_id":32,"qty":23,"price":353,"description":"curabitur convallis"},
{"_id":33,"qty":69,"price":864,"description":"sit amet cursus"},
{"_id":34,"qty":38,"price":375,"description":"nulla"},
{"_id":35,"qty":98,"price":886,"description":"velit id"},
{"_id":36,"qty":92,"price":397,"description":"tempor"},
{"_id":37,"qty":92,"price":908,"description":"nibh"},
{"_id":38,"qty":10,"price":419,"description":"amet"},
{"_id":39,"qty":63,"price":930,"description":"volutpat dui maecenas"},
{"_id":40,"qty":44,"price":441,"description":"odio donec vitae"},
{"_id":41,"qty":90,"price":952,"description":"porttitor lacus at"},
{"_id":42,"qty":46,"price":463,"description":"odio justo sollicitudin"},
{"_id":43,"qty":40,"price":974,"description":"mauris non ligula"},
{"_id":44,"qty":9,"price":485,"description":"varius integer"},
{"_id":45,"qty":55,"price":996,"description":"morbi"},
{"_id":46,"qty":30,"price":507,"description":"ullamcorper"},
{"_id":47,"qty":67,"price":18,"description":"mauris morbi non"},
{"_id":48,"qty":70,"price":529,"description":"congue eget"},
{"_id":49,"qty":7,"price":40,"description":"quis justo maecenas"},
{"_id":50,"qty":30,"price":551,"description":"mollis"},
{"_id":51,"qty":78,"price":62,"description":"neque"},
{"_id":52,"qty":70,"price":573,"description":"interdum"},
{"_id":53,"qty":11,"price":84,"description":"nullam sit"},
{"_id":54,"qty":79,"price":595,"description":"turpis a"},
{"_id":55,"qty":2,"price":106,"description":"justo"},
{"_id":56,"qty":64,"price":617,"description":"dolor"},
{"_id":57,"qty":49,"price":128,"description":"non mi integer"},
{"_id":58,"qty":72,"price":639,"description":"pellentesque at nulla"},
{"_id":59,"qty":81,"price":150,"description":"tortor eu"},
{"_id":60,"qty":77,"price":661,"description":"pede"},
{"_id":61,"qty":41,"price":172,"description":"eget rutrum"},
{"_id":62,"qty":58,"price":683,"description":"cras mi"},
{"_id":63,"qty":74,"price":194,"description":"ut volutpat sapien"},
{"_id":64,"qty":87,"price":705,"description":"in hac habitasse"},
{"_id":65,"qty":89,"price":216,"description":"dolor morbi"},
{"_id":66,"qty":61,"price":727,"description":"proin"},
{"_id":67,"qty":70,"price":238,"description":"justo in"},
{"_id":68,"qty":92,"price":749,"description":"in quis"},
{"_id":69,"qty":72,"price":260,"description":"praesent"},
{"_id":70,"qty":61,"price":771,"description":"lectus pellentesque at"},
{"_id":71,"qty":93,"price":282,"description":"est lacinia nisi"},
{"_id":72,"qty":55,"price":793,"description":"quis turpis eget"},
{"_id":73,"qty":16,"price":304,"description":"nascetur ridiculus mus"},
{"_id":74,"qty":90,"price":815,"description":"posuere cubilia"},
{"_id":75,"qty":7,"price":326,"description":"nisi"},
{"_id":76,"qty":90,"price":837,"description":"morbi"},
{"_id":77,"qty":48,"price":348,"description":"nascetur ridiculus mus"},
{"_id":78,"qty":65,"price":859,"description":"purus eu"},
{"_id":79,"qty":93,"price":370,"description":"luctus tincidunt"},
{"_id":80,"qty":98,"price":881,"description":"blandit non interdum"},
{"_id":81,"qty":47,"price":392,"description":"ipsum primis"},
{"_id":82,"qty":34,"price":903,"description":"sit"},
{"_id":83,"qty":41,"price":414,"description":"cras mi pede"},
{"_id":84,"qty":41,"price":925,"description":"vulputate elementum nullam"},
{"_id":85,"qty":98,"price":436,"description":"diam id ornare"},
{"_id":86,"qty":48,"price":947,"description":"nisi nam"},
{"_id":87,"qty":26,"price":458,"description":"dui"},
{"_id":88,"qty":95,"price":969,"description":"a ipsum"},
{"_id":89,"qty":52,"price":480,"description":"volutpat dui"},
{"_id":90,"qty":30,"price":991,"description":"rhoncus aliquam"},
{"_id":91,"qty":8,"price":502,"description":"natoque penatibus"},
{"_id":92,"qty":74,"price":13,"description":"ultrices vel augue"},
{"_id":93,"qty":8,"price":524,"description":"erat curabitur"},
{"_id":94,"qty":77,"price":35,"description":"laoreet ut rhoncus"},
{"_id":95,"qty":22,"price":546,"description":"amet"},
{"_id":96,"qty":30,"price":57,"description":"posuere"},
{"_id":97,"qty":19,"price":568,"description":"mauris eget"},
{"_id":98,"qty":25,"price":79,"description":"in faucibus"},
{"_id":99,"qty":24,"price":590,"description":"diam"},
{"_id":100,"qty":58,"price":101,"description":"penatibus et"},
{"_id":101,"qty":88,"price":612,"description":"lectus pellentesque eget"},
{"_id":102,"qty":72,"price":123,"description":"nisl ut volutpat"},
{"_id":103,"qty":67,"price":634,"description":"varius integer ac"},
{"_id":104,"qty":23,"price":145,"description":"leo"},
{"_id":105,"qty":44,"price":656,"description":"justo"},
{"_id":106,"qty":25,"price":167,"description":"lorem ipsum dolor"},
{"_id":107,"qty":79,"price":678,"description":"turpis eget elit"},
{"_id":108,"qty":84,"price":189,"description":"amet erat"},
{"_id":109,"qty":90,"price":700,"description":"bibendum felis sed"},
{"_id":110,"qty":98,"price":211,"description":"ultrices"},
{"_id":111,"qty":33,"price":722,"description":"habitasse"},
{"_id":112,"qty":83,"price":233,"description":"feugiat non pretium"},
{"_id":113,"qty":55,"price":744,"description":"primis in"},
{"_id":114,"qty":85,"price":255,"description":"suscipit"},
{"_id":115,"qty":31,"price":766,"description":"leo maecenas"},
{"_id":116,"qty":1,"price":277,"description":"in est"},
{"_id":117,"qty":62,"price":788,"description":"accumsan odio curabitur"},
{"_id":118,"qty":59,"price":299,"description":"et magnis"},
{"_id":119,"qty":79,"price":810,"description":"volutpat sapien"},
{"_id":120,"qty":30,"price":321,"description":"posuere metus"},
{"_id":121,"qty":44,"price":832,"description":"sed"},
{"_id":122,"qty":90,"price":343,"description":"odio cras"},
{"_id":123,"qty":75,"price":854,"description":"vulputate elementum"},
{"_id":124,"qty":85,"price":365,"description":"et commodo"},
{"_id":125,"qty":40,"price":876,"description":"integer"},
{"_id":126,"qty":27,"price":387,"description":"nulla"},
{"_id":127,"qty":62,"price":898,"description":"orci luctus"},
{"_id":128,"qty":58,"price":409,"description":"dapibus dolor vel"},
{"_id":129,"qty":43,"price":920,"description":"ullamcorper augue"},
{"_id":130,"qty":14,"price":431,"description":"lectus in"},
{"_id":131,"qty":14,"price":942,"description":"at turpis"},
{"_id":132,"qty":85,"price":453,"description":"magnis"},
{"_id":133,"qty":97,"price":964,"description":"sed tincidunt"},
{"_id":134,"qty":54,"price":475,"description":"donec quis"},
{"_id":135,"qty":48,"price":986,"description":"eu felis"},
{"_id":136,"qty":88,"price":497,"description":"lectus in"},
{"_id":137,"qty":62,"price":8,"description":"in"},
{"_id":138,"qty":56,"price":519,"description":"nulla"},
{"_id":139,"qty":67,"price":30,"description":"habitasse"},
{"_id":140,"qty":91,"price":541,"description":"duis mattis"},
{"_id":141,"qty":29,"price":52,"description":"sit amet nunc"},
{"_id":142,"qty":75,"price":563,"description":"parturient montes"},
{"_id":143,"qty":43,"price":74,"description":"varius integer"},
{"_id":144,"qty":40,"price":585,"description":"dapibus"},
{"_id":145,"qty":50,"price":96,"description":"maecenas"},
{"_id":146,"qty":100,"price":607,"description":"ut"},
{"_id":147,"qty":69,"price":118,"description":"luctus tincidunt"},
{"_id":148,"qty":99,"price":629,"description":"volutpat sapien"},
{"_id":149,"qty":79,"price":140,"description":"lectus pellentesque eget"},
{"_id":150,"qty":68,"price":651,"description":"dapibus"},
{"_id":151,"qty":19,"price":162,"description":"integer"},
{"_id":152,"qty":28,"price":673,"description":"interdum in ante"},
{"_id":153,"qty":12,"price":184,"description":"arcu sed"},
{"_id":154,"qty":99,"price":695,"description":"sagittis"},
{"_id":155,"qty":89,"price":206,"description":"fusce lacus purus"},
{"_id":156,"qty":89,"price":717,"description":"et"},
{"_id":157,"qty":85,"price":228,"description":"commodo vulputate"},
{"_id":158,"qty":12,"price":739,"description":"elementum pellentesque"},
{"_id":159,"qty":23,"price":250,"description":"maecenas"},
{"_id":160,"qty":32,"price":761,"description":"at"},
{"_id":161,"qty":39,"price":272,"description":"ut volutpat sapien"},
{"_id":162,"qty":100,"price":783,"description":"curabitur in"},
{"_id":163,"qty":72,"price":294,"description":"ac diam"},
{"_id":164,"qty":4,"price":805,"description":"nunc nisl duis"},
{"_id":165,"qty":96,"price":316,"description":"eget eleifend"},
{"_id":166,"qty":60,"price":827,"description":"fusce"},
{"_id":167,"qty":90,"price":338,"description":"lacus"},
{"_id":168,"qty":21,"price":849,"description":"mattis pulvinar nulla"},
{"_id":169,"qty":15,"price":360,"description":"dapibus dolor vel"},
{"_id":170,"qty":11,"price":871,"description":"consequat"},
{"_id":171,"qty":87,"price":382,"description":"non"},
{"_id":172,"qty":95,"price":893,"description":"augue vestibulum"},
{"_id":173,"qty":79,"price":404,"description":"vel est donec"},
{"_id":174,"qty":77,"price":915,"description":"amet nunc"},
{"_id":175,"qty":53,"price":426,"description":"pede justo"},
{"_id":176,"qty":24,"price":937,"description":"mattis"},
{"_id":177,"qty":66,"price":448,"description":"integer pede justo"},
{"_id":178,"qty":84,"price":959,"description":"libero rutrum"},
{"_id":179,"qty":43,"price":470,"description":"metus vitae"},
{"_id":180,"qty":98,"price":981,"description":"ac enim in"},
{"_id":181,"qty":44,"price":492,"description":"maecenas tincidunt lacus"},
{"_id":182,"qty":27,"price":3,"description":"luctus"},
{"_id":183,"qty":88,"price":514,"description":"in lectus pellentesque"},
{"_id":184,"qty":44,"price":25,"description":"semper est quam"},
{"_id":185,"qty":86,"price":536,"description":"mus etiam"},
{"_id":186,"qty":14,"price":47,"description":"eget vulputate"},
{"_id":187,"qty":37,"price":558,"description":"quis"},
{"_id":188,"qty":76,"price":69,"description":"morbi odio"},
{"_id":189,"qty":33,"price":580,"description":"at nulla"},
{"_id":190,"qty":64,"price":91,"description":"nunc purus phasellus"},
{"_id":191,"qty":65,"price":602,"description":"nulla tellus"},
{"_id":192,"qty":76,"price":113,"description":"purus sit amet"},
{"_id":193,"qty":26,"price":624,"description":"vitae mattis nibh"},
{"_id":194,"qty":11,"price":135,"description":"feugiat et"},
{"_id":195,"qty":58,"price":646,"description":"eleifend donec ut"},
{"_id":196,"qty":46,"price":157,"description":"ut"},
{"_id":197,"qty":59,"price":668,"description":"cubilia curae duis"},
{"_id":198,"qty":16,"price":179,"description":"integer"},
{"_id":199,"qty":77,"price":690,"description":"justo aliquam quis"},
{"_id":200,"qty":49,"price":201,"description":"maecenas"},
{"_id":201,"qty":41,"price":712,"description":"morbi sem"},
{"_id":202,"qty":50,"price":223,"description":"convallis morbi odio"},
{"_id":203,"qty":82,"price":734,"description":"rhoncus aliquam"},
{"_id":204,"qty":48,"price":245,"description":"pede"},
{"_id":205,"qty":77,"price":756,"description":"id"},
{"_id":206,"qty":95,"price":267,"description":"amet"},
{"_id":207,"qty":74,"price":778,"description":"elementum nullam varius"},
{"_id":208,"qty":32,"price":289,"description":"nisl"},
{"_id":209,"qty":67,"price":800,"description":"ut suscipit"},
{"_id":210,"qty":71,"price":311,"description":"in"},
{"_id":211,"qty":98,"price":822,"description":"sapien varius"},
{"_id":212,"qty":91,"price":333,"description":"suspendisse potenti"},
{"_id":213,"qty":7,"price":844,"description":"fringilla rhoncus"},
{"_id":214,"qty":53,"price":355,"description":"tincidunt eget tempus"},
{"_id":215,"qty":22,"price":866,"description":"sapien a"},
{"_id":216,"qty":52,"price":377,"description":"libero quis orci"},
{"_id":217,"qty":100,"price":888,"description":"nunc vestibulum"},
{"_id":218,"qty":97,"price":399,"description":"sed accumsan felis"},
{"_id":219,"qty":81,"price":910,"description":"convallis"},
{"_id":220,"qty":41,"price":421,"description":"vehicula condimentum"},
{"_id":221,"qty":50,"price":932,"description":"cum sociis"},
{"_id":222,"qty":33,"price":443,"description":"tempor"},
{"_id":223,"qty":65,"price":954,"description":"in quis justo"},
{"_id":224,"qty":68,"price":465,"description":"potenti cras in"},
{"_id":225,"qty":75,"price":976,"description":"et magnis"},
{"_id":226,"qty":71,"price":487,"description":"amet eleifend pede"},
{"_id":227,"qty":12,"price":998,"description":"vulputate elementum"},
{"_id":228,"qty":49,"price":509,"description":"lorem"},
{"_id":229,"qty":45,"price":20,"description":"sapien urna pretium"},
{"_id":230,"qty":31,"price":531,"description":"morbi sem"},
{"_id":231,"qty":44,"price":42,"description":"placerat praesent"},
{"_id":232,"qty":38,"price":553,"description":"cursus id"},
{"_id":233,"qty":8,"price":64,"description":"curabitur convallis"},
{"_id":234,"qty":84,"price":575,"description":"volutpat sapien"},
{"_id":235,"qty":4,"price":86,"description":"felis"},
{"_id":236,"qty":6,"price":597,"description":"amet"},
{"_id":237,"qty":54,"price":108,"description":"faucibus"},
{"_id":238,"qty":28,"price":619,"description":"ultrices vel augue"},
{"_id":239,"qty":38,"price":130,"description":"mi"},
{"_id":240,"qty":71,"price":641,"description":"dui vel"},
{"_id":241,"qty":57,"price":152,"description":"volutpat in"},
{"_id":242,"qty":2,"price":663,"description":"ullamcorper augue"},
{"_id":243,"qty":88,"price":174,"description":"porttitor pede"},
{"_id":244,"qty":90,"price":685,"description":"libero nam"},
{"_id":245,"qty":73,"price":196,"description":"nulla nisl"},
{"_id":246,"qty":87,"price":707,"description":"sagittis nam"},
{"_id":247,"qty":97,"price":218,"description":"sit"},
{"_id":248,"qty":16,"price":729,"description":"pellentesque"},
{"_id":249,"qty":24,"price":240,"description":"in"},
{"_id":250,"qty":32,"price":751,"description":"velit donec"},
{"_id":251,"qty":43,"price":262,"description":"lorem"},
{"_id":252,"qty":38,"price":773,"description":"quisque porta"},
{"_id":253,"qty":89,"price":284,"description":"nulla"},
{"_id":254,"qty":89,"price":795,"description":"ipsum dolor"},
{"_id":255,"qty":1,"price":306,"description":"aenean"},
{"_id":256,"qty":18,"price":817,"description":"sit"},
{"_id":257,"qty":15,"price":328,"description":"tincidunt lacus"},
{"_id":258,"qty":65,"price":839,"description":"malesuada in"},
{"_id":259,"qty":26,"price":350,"description":"interdum"},
{"_id":260,"qty":4,"price":861,"description":"sodales scelerisque mauris"},
{"_id":261,"qty":88,"price":372,"description":"orci mauris"},
{"_id":262,"qty":84,"price":883,"description":"tristique fusce congue"},
{"_id":263,"qty":77,"price":394,"description":"nam dui"},
{"_id":264,"qty":56,"price":905,"description":"quis"},
{"_id":265,"qty":30,"price":416,"description":"sapien"},
{"_id":266,"qty":85,"price":927,"description":"pede"},
{"_id":267,"qty":14,"price":438,"description":"lorem quisque"},
{"_id":268,"qty":67,"price":949,"description":"malesuada in"},
{"_id":269,"qty":70,"price":460,"description":"dictumst etiam faucibus"},
{"_id":270,"qty":40,"price":971,"description":"donec"},
{"_id":271,"qty":61,"price":482,"description":"turpis"},
{"_id":272,"qty":6,"price":993,"description":"pulvinar lobortis"},
{"_id":273,"qty":11,"price":504,"description":"arcu adipiscing"},
{"_id":274,"qty":74,"price":15,"description":"auctor"},
{"_id":275,"qty":3,"price":526,"description":"nec"},
{"_id":276,"qty":0,"price":37,"description":"dolor"},
{"_id":277,"qty":84,"price":548,"description":"morbi"},
{"_id":278,"qty":48,"price":59,"description":"ac"},
{"_id":279,"qty":37,"price":570,"description":"tempor"},
{"_id":280,"qty":1,"price":81,"description":"blandit non"},
{"_id":281,"qty":41,"price":592,"description":"pellentesque"},
{"_id":282,"qty":12,"price":103,"description":"eu"},
{"_id":283,"qty":85,"price":614,"description":"tristique in"},
{"_id":284,"qty":80,"price":125,"description":"felis donec"},
{"_id":285,"qty":4,"price":636,"description":"elementum"},
{"_id":286,"qty":19,"price":147,"description":"fusce posuere felis"},
{"_id":287,"qty":92,"price":658,"description":"leo rhoncus sed"},
{"_id":288,"qty":31,"price":169,"description":"posuere cubilia curae"},
{"_id":289,"qty":100,"price":680,"description":"erat"},
{"_id":290,"qty":43,"price":191,"description":"nam"},
{"_id":291,"qty":32,"price":702,"description":"semper"},
{"_id":292,"qty":82,"price":213,"description":"hac habitasse"},
{"_id":293,"qty":70,"price":724,"description":"consequat in"},
{"_id":294,"qty":13,"price":235,"description":"pede justo lacinia"},
{"_id":295,"qty":3,"price":746,"description":"nec euismod scelerisque"},
{"_id":296,"qty":37,"price":257,"description":"sed interdum venenatis"},
{"_id":297,"qty":68,"price":768,"description":"in tempor"},
{"_id":298,"qty":13,"price":279,"description":"nunc rhoncus dui"},
{"_id":299,"qty":63,"price":790,"description":"adipiscing"},
{"_id":300,"qty":88,"price":301,"description":"accumsan"},
{"_id":301,"qty":55,"price":812,"description":"ac enim in"},
{"_id":302,"qty":41,"price":323,"description":"ultrices"},
{"_id":303,"qty":3,"price":834,"description":"vestibulum ac"},
{"_id":304,"qty":45,"price":345,"description":"molestie sed"},
{"_id":305,"qty":29,"price":856,"description":"tempus vel"},
{"_id":306,"qty":81,"price":367,"description":"suspendisse potenti cras"},
{"_id":307,"qty":16,"price":878,"description":"lacinia erat"},
{"_id":308,"qty":52,"price":389,"description":"in hac"},
{"_id":309,"qty":36,"price":900,"description":"sapien"},
{"_id":310,"qty":41,"price":411,"description":"augue"},
{"_id":311,"qty":30,"price":922,"description":"consequat nulla"},
{"_id":312,"qty":29,"price":433,"description":"mauris"},
{"_id":313,"qty":37,"price":944,"description":"praesent lectus"},
{"_id":314,"qty":25,"price":455,"description":"pellentesque ultrices phasellus"},
{"_id":315,"qty":37,"price":966,"description":"nisl"},
{"_id":316,"qty":37,"price":477,"description":"semper rutrum"},
{"_id":317,"qty":96,"price":988,"description":"venenatis"},
{"_id":318,"qty":56,"price":499,"description":"vehicula"},
{"_id":319,"qty":70,"price":10,"description":"porttitor"},
{"_id":320,"qty":70,"price":521,"description":"in leo"},
{"_id":321,"qty":75,"price":32,"description":"pulvinar sed nisl"},
{"_id":322,"qty":70,"price":543,"description":"erat eros"},
{"_id":323,"qty":56,"price":54,"description":"ultrices"},
{"_id":324,"qty":99,"price":565,"description":"ipsum"},
{"_id":325,"qty":32,"price":76,"description":"etiam pretium"},
{"_id":326,"qty":34,"price":587,"description":"ante"},
{"_id":327,"qty":72,"price":98,"description":"in porttitor"},
{"_id":328,"qty":9,"price":609,"description":"sit amet"},
{"_id":329,"qty":17,"price":120,"description":"ullamcorper"},
{"_id":330,"qty":74,"price":631,"description":"luctus et"},
{"_id":331,"qty":3,"price":142,"description":"facilisi"},
{"_id":332,"qty":52,"price":653,"description":"condimentum"},
{"_id":333,"qty":27,"price":164,"description":"blandit"},
{"_id":334,"qty":73,"price":675,"description":"tempus"},
{"_id":335,"qty":47,"price":186,"description":"elementum pellentesque quisque"},
{"_id":336,"qty":77,"price":697,"description":"at"},
{"_id":337,"qty":66,"price":208,"description":"quis orci eget"},
{"_id":338,"qty":53,"price":719,"description":"lectus"},
{"_id":339,"qty":92,"price":230,"description":"lorem vitae"},
{"_id":340,"qty":75,"price":741,"description":"primis in faucibus"},
{"_id":341,"qty":66,"price":252,"description":"nulla neque libero"},
{"_id":342,"qty":47,"price":763,"description":"massa tempor convallis"},
{"_id":343,"qty":94,"price":274,"description":"semper sapien"},
{"_id":344,"qty":54,"price":785,"description":"at"},
{"_id":345,"qty":35,"price":296,"description":"posuere felis"},
{"_id":346,"qty":95,"price":807,"description":"sem mauris laoreet"},
{"_id":347,"qty":1,"price":318,"description":"semper interdum"},
{"_id":348,"qty":72,"price":829,"description":"sodales"},
{"_id":349,"qty":27,"price":340,"description":"cursus"},
{"_id":350,"qty":67,"price":851,"description":"id nisl"},
{"_id":351,"qty":43,"price":362,"description":"pretium nisl ut"},
{"_id":352,"qty":87,"price":873,"description":"tincidunt"},
{"_id":353,"qty":3,"price":384,"description":"aenean sit amet"},
{"_id":354,"qty":20,"price":895,"description":"vulputate ut ultrices"},
{"_id":355,"qty":83,"price":406,"description":"quam"},
{"_id":356,"qty":94,"price":917,"description":"ultrices erat tortor"},
{"_id":357,"qty":92,"price":428,"description":"nulla quisque arcu"},
{"_id":358,"qty":60,"price":939,"description":"in"},
{"_id":359,"qty":21,"price":450,"description":"aliquam"},
{"_id":360,"qty":48,"price":961,"description":"id turpis"},
{"_id":361,"qty":57,"price":472,"description":"tincidunt"},
{"_id":362,"qty":51,"price":983,"description":"ipsum primis in"},
{"_id":363,"qty":68,"price":494,"description":"augue"},
{"_id":364,"qty":58,"price":5,"description":"vel"},
{"_id":365,"qty":60,"price":516,"description":"sit amet eleifend"},
{"_id":366,"qty":79,"price":27,"description":"duis ac nibh"},
{"_id":367,"qty":38,"price":538,"description":"enim sit amet"},
{"_id":368,"qty":18,"price":49,"description":"volutpat erat"},
{"_id":369,"qty":98,"price":560,"description":"feugiat non pretium"},
{"_id":370,"qty":9,"price":71,"description":"elementum"},
{"_id":371,"qty":61,"price":582,"description":"donec"},
{"_id":372,"qty":40,"price":93,"description":"enim lorem ipsum"},
{"_id":373,"qty":48,"price":604,"description":"curabitur at"},
{"_id":374,"qty":41,"price":115,"description":"ipsum dolor"},
{"_id":375,"qty":12,"price":626,"description":"congue"},
{"_id":376,"qty":25,"price":137,"description":"morbi"},
{"_id":377,"qty":4,"price":648,"description":"justo"},
{"_id":378,"qty":65,"price":159,"description":"ut"},
{"_id":379,"qty":25,"price":670,"description":"et ultrices posuere"},
{"_id":380,"qty":75,"price":181,"description":"erat"},
{"_id":381,"qty":44,"price":692,"description":"augue"},
{"_id":382,"qty":85,"price":203,"description":"pede lobortis"},
{"_id":383,"qty":51,"price":714,"description":"natoque"},
{"_id":384,"qty":19,"price":225,"description":"libero ut"},
{"_id":385,"qty":85,"price":736,"description":"lectus"},
{"_id":386,"qty":48,"price":247,"description":"lectus pellentesque at"},
{"_id":387,"qty":90,"price":758,"description":"tempus"},
{"_id":388,"qty":65,"price":269,"description":"odio cras mi"},
{"_id":389,"qty":0,"price":780,"description":"nisi"},
{"_id":390,"qty":31,"price":291,"description":"leo"},
{"_id":391,"qty":99,"price":802,"description":"nisi venenatis"},
{"_id":392,"qty":29,"price":313,"description":"hac habitasse platea"},
{"_id":393,"qty":62,"price":824,"description":"rhoncus mauris enim"},
{"_id":394,"qty":46,"price":335,"description":"congue"},
{"_id":395,"qty":74,"price":846,"description":"in quam"},
{"_id":396,"qty":19,"price":357,"description":"at"},
{"_id":397,"qty":69,"price":868,"description":"enim"},
{"_id":398,"qty":12,"price":379,"description":"leo"},
{"_id":399,"qty":43,"price":890,"description":"libero rutrum"},
{"_id":400,"qty":88,"price":401,"description":"tellus nisi eu"},
{"_id":401,"qty":87,"price":912,"description":"vestibulum"},
{"_id":402,"qty":6,"price":423,"description":"justo lacinia"},
{"_id":403,"qty":67,"price":934,"description":"odio in"},
{"_id":404,"qty":1,"price":445,"description":"morbi non"},
{"_id":405,"qty":40,"price":956,"description":"eget congue eget"},
{"_id":406,"qty":92,"price":467,"description":"praesent id massa"},
{"_id":407,"qty":69,"price":978,"description":"sapien sapien"},
{"_id":408,"qty":80,"price":489,"description":"in felis donec"},
{"_id":409,"qty":62,"price":1000,"description":"non"},
{"_id":410,"qty":88,"price":511,"description":"sociis"},
{"_id":411,"qty":81,"price":22,"description":"mus"},
{"_id":412,"qty":88,"price":533,"description":"nisl"},
{"_id":413,"qty":18,"price":44,"description":"tortor id"},
{"_id":414,"qty":32,"price":555,"description":"vel pede"},
{"_id":415,"qty":50,"price":66,"description":"at vulputate vitae"},
{"_id":416,"qty":83,"price":577,"description":"urna ut"},
{"_id":417,"qty":58,"price":88,"description":"ultrices vel augue"},
{"_id":418,"qty":33,"price":599,"description":"ultrices posuere"},
{"_id":419,"qty":93,"price":110,"description":"integer aliquet massa"},
{"_id":420,"qty":82,"price":621,"description":"libero"},
{"_id":421,"qty":64,"price":132,"description":"sed"},
{"_id":422,"qty":37,"price":643,"description":"nulla facilisi cras"},
{"_id":423,"qty":66,"price":154,"description":"mi"},
{"_id":424,"qty":16,"price":665,"description":"in tempus"},
{"_id":425,"qty":24,"price":176,"description":"sit amet"},
{"_id":426,"qty":9,"price":687,"description":"amet nulla quisque"},
{"_id":427,"qty":2,"price":198,"description":"posuere metus vitae"},
{"_id":428,"qty":29,"price":709,"description":"lacinia"},
{"_id":429,"qty":4,"price":220,"description":"est congue elementum"},
{"_id":430,"qty":32,"price":731,"description":"vivamus metus"},
{"_id":431,"qty":18,"price":242,"description":"nunc donec"},
{"_id":432,"qty":20,"price":753,"description":"in"},
{"_id":433,"qty":45,"price":264,"description":"mauris eget"},
{"_id":434,"qty":41,"price":775,"description":"vel pede morbi"},
{"_id":435,"qty":12,"price":286,"description":"eleifend quam"},
{"_id":436,"qty":47,"price":797,"description":"rutrum"},
{"_id":437,"qty":48,"price":308,"description":"eu est congue"},
{"_id":438,"qty":82,"price":819,"description":"sapien sapien"},
{"_id":439,"qty":53,"price":330,"description":"maecenas rhoncus"},
{"_id":440,"qty":48,"price":841,"description":"dolor sit"},
{"_id":441,"qty":13,"price":352,"description":"duis"},
{"_id":442,"qty":96,"price":863,"description":"id pretium iaculis"},
{"_id":443,"qty":8,"price":374,"description":"luctus"},
{"_id":444,"qty":23,"price":885,"description":"at"},
{"_id":445,"qty":34,"price":396,"description":"vulputate"},
{"_id":446,"qty":16,"price":907,"description":"dictumst maecenas"},
{"_id":447,"qty":52,"price":418,"description":"platea dictumst maecenas"},
{"_id":448,"qty":84,"price":929,"description":"quam sollicitudin"},
{"_id":449,"qty":98,"price":440,"description":"leo"},
{"_id":450,"qty":15,"price":951,"description":"tempus semper est"},
{"_id":451,"qty":54,"price":462,"description":"proin"},
{"_id":452,"qty":37,"price":973,"description":"quam"},
{"_id":453,"qty":25,"price":484,"description":"vehicula"},
{"_id":454,"qty":64,"price":995,"description":"magna vestibulum aliquet"},
{"_id":455,"qty":53,"price":506,"description":"nunc viverra dapibus"},
{"_id":456,"qty":41,"price":17,"description":"dignissim vestibulum"},
{"_id":457,"qty":47,"price":528,"description":"blandit mi in"},
{"_id":458,"qty":33,"price":39,"description":"volutpat"},
{"_id":459,"qty":47,"price":550,"description":"dolor morbi"},
{"_id":460,"qty":1,"price":61,"description":"pellentesque"},
{"_id":461,"qty":13,"price":572,"description":"proin eu"},
{"_id":462,"qty":36,"price":83,"description":"non"},
{"_id":463,"qty":93,"price":594,"description":"luctus"},
{"_id":464,"qty":87,"price":105,"description":"in"},
{"_id":465,"qty":47,"price":616,"description":"et ultrices"},
{"_id":466,"qty":45,"price":127,"description":"arcu libero"},
{"_id":467,"qty":42,"price":638,"description":"aenean sit"},
{"_id":468,"qty":73,"price":149,"description":"odio porttitor id"},
{"_id":469,"qty":60,"price":660,"description":"orci vehicula"},
{"_id":470,"qty":24,"price":171,"description":"volutpat sapien"},
{"_id":471,"qty":57,"price":682,"description":"eros suspendisse accumsan"},
{"_id":472,"qty":49,"price":193,"description":"ligula"},
{"_id":473,"qty":92,"price":704,"description":"lobortis"},
{"_id":474,"qty":71,"price":215,"description":"ipsum primis"},
{"_id":475,"qty":84,"price":726,"description":"orci eget orci"},
{"_id":476,"qty":69,"price":237,"description":"vivamus metus"},
{"_id":477,"qty":3,"price":748,"description":"amet"},
{"_id":478,"qty":75,"price":259,"description":"pellentesque quisque"},
{"_id":479,"qty":39,"price":770,"description":"quisque ut erat"},
{"_id":480,"qty":13,"price":281,"description":"vivamus in felis"},
{"_id":481,"qty":82,"price":792,"description":"placerat praesent blandit"},
{"_id":482,"qty":13,"price":303,"description":"quisque porta volutpat"},
{"_id":483,"qty":19,"price":814,"description":"lacus morbi sem"},
{"_id":484,"qty":89,"price":325,"description":"sit amet"},
{"_id":485,"qty":35,"price":836,"description":"at turpis a"},
{"_id":486,"qty":99,"price":347,"description":"faucibus"},
{"_id":487,"qty":75,"price":858,"description":"euismod scelerisque quam"},
{"_id":488,"qty":28,"price":369,"description":"in"},
{"_id":489,"qty":24,"price":880,"description":"sit amet justo"},
{"_id":490,"qty":80,"price":391,"description":"pede morbi"},
{"_id":491,"qty":19,"price":902,"description":"vitae mattis nibh"},
{"_id":492,"qty":72,"price":413,"description":"erat"},
{"_id":493,"qty":54,"price":924,"description":"curae"},
{"_id":494,"qty":77,"price":435,"description":"accumsan tortor quis"},
{"_id":495,"qty":93,"price":946,"description":"duis ac"},
{"_id":496,"qty":23,"price":457,"description":"nam"},
{"_id":497,"qty":2,"price":968,"description":"purus aliquet at"},
{"_id":498,"qty":57,"price":479,"description":"tristique"},
{"_id":499,"qty":8,"price":990,"description":"molestie sed"},
{"_id":500,"qty":13,"price":501,"description":"sit amet"},
{"_id":501,"qty":48,"price":12,"description":"semper rutrum nulla"},
{"_id":502,"qty":9,"price":523,"description":"quis augue"},
{"_id":503,"qty":24,"price":34,"description":"scelerisque mauris sit"},
{"_id":504,"qty":92,"price":545,"description":"luctus"},
{"_id":505,"qty":63,"price":56,"description":"amet turpis"},
{"_id":506,"qty":90,"price":567,"description":"gravida sem"},
{"_id":507,"qty":98,"price":78,"description":"turpis elementum ligula"},
{"_id":508,"qty":64,"price":589,"description":"ipsum ac"},
{"_id":509,"qty":79,"price":100,"description":"dui nec nisi"},
{"_id":510,"qty":82,"price":611,"description":"molestie sed justo"},
{"_id":511,"qty":59,"price":122,"description":"accumsan"},
{"_id":512,"qty":77,"price":633,"description":"in blandit ultrices"},
{"_id":513,"qty":52,"price":144,"description":"lacus"},
{"_id":514,"qty":9,"price":655,"description":"eget semper"},
{"_id":515,"qty":53,"price":166,"description":"turpis elementum ligula"},
{"_id":516,"qty":64,"price":677,"description":"velit nec"},
{"_id":517,"qty":100,"price":188,"description":"sapien"},
{"_id":518,"qty":86,"price":699,"description":"sed"},
{"_id":519,"qty":2,"price":210,"description":"vel lectus"},
{"_id":520,"qty":73,"price":721,"description":"ante ipsum"},
{"_id":521,"qty":61,"price":232,"description":"dictumst aliquam"},
{"_id":522,"qty":25,"price":743,"description":"fermentum donec ut"},
{"_id":523,"qty":53,"price":254,"description":"lorem quisque ut"},
{"_id":524,"qty":10,"price":765,"description":"etiam"},
{"_id":525,"qty":36,"price":276,"description":"rutrum at"},
{"_id":526,"qty":69,"price":787,"description":"at velit vivamus"},
{"_id":527,"qty":89,"price":298,"description":"primis"},
{"_id":528,"qty":60,"price":809,"description":"libero nam dui"},
{"_id":529,"qty":80,"price":320,"description":"dapibus dolor"},
{"_id":530,"qty":45,"price":831,"description":"felis sed"},
{"_id":531,"qty":23,"price":342,"description":"tellus nulla"},
{"_id":532,"qty":75,"price":853,"description":"lobortis"},
{"_id":533,"qty":89,"price":364,"description":"vestibulum"},
{"_id":534,"qty":93,"price":875,"description":"sit amet lobortis"},
{"_id":535,"qty":2,"price":386,"description":"etiam"},
{"_id":536,"qty":60,"price":897,"description":"rutrum"},
{"_id":537,"qty":33,"price":408,"description":"libero"},
{"_id":538,"qty":46,"price":919,"description":"sagittis dui vel"},
{"_id":539,"qty":28,"price":430,"description":"ullamcorper purus"},
{"_id":540,"qty":66,"price":941,"description":"justo"},
{"_id":541,"qty":18,"price":452,"description":"porttitor"},
{"_id":542,"qty":94,"price":963,"description":"dapibus duis at"},
{"_id":543,"qty":27,"price":474,"description":"turpis nec euismod"},
{"_id":544,"qty":1,"price":985,"description":"quam"},
{"_id":545,"qty":35,"price":496,"description":"magnis"},
{"_id":546,"qty":35,"price":7,"description":"in faucibus orci"},
{"_id":547,"qty":45,"price":518,"description":"ut mauris eget"},
{"_id":548,"qty":27,"price":29,"description":"fusce"},
{"_id":549,"qty":80,"price":540,"description":"metus sapien ut"},
{"_id":550,"qty":49,"price":51,"description":"iaculis diam"},
{"_id":551,"qty":35,"price":562,"description":"tellus in sagittis"},
{"_id":552,"qty":3,"price":73,"description":"maecenas"},
{"_id":553,"qty":88,"price":584,"description":"congue eget semper"},
{"_id":554,"qty":1,"price":95,"description":"eget tempus vel"},
{"_id":555,"qty":80,"price":606,"description":"consequat"},
{"_id":556,"qty":29,"price":117,"description":"lectus in"},
{"_id":557,"qty":31,"price":628,"description":"a"},
{"_id":558,"qty":2,"price":139,"description":"amet justo morbi"},
{"_id":559,"qty":20,"price":650,"description":"amet"},
{"_id":560,"qty":32,"price":161,"description":"rutrum nulla tellus"},
{"_id":561,"qty":8,"price":672,"description":"ipsum praesent"},
{"_id":562,"qty":88,"price":183,"description":"aliquet maecenas leo"},
{"_id":563,"qty":48,"price":694,"description":"habitasse"},
{"_id":564,"qty":97,"price":205,"description":"aliquam convallis"},
{"_id":565,"qty":91,"price":716,"description":"morbi odio odio"},
{"_id":566,"qty":21,"price":227,"description":"diam in magna"},
{"_id":567,"qty":63,"price":738,"description":"elementum pellentesque"},
{"_id":568,"qty":72,"price":249,"description":"augue"},
{"_id":569,"qty":21,"price":760,"description":"amet consectetuer"},
{"_id":570,"qty":98,"price":271,"description":"pede ullamcorper"},
{"_id":571,"qty":73,"price":782,"description":"convallis duis consequat"},
{"_id":572,"qty":61,"price":293,"description":"sem fusce consequat"},
{"_id":573,"qty":89,"price":804,"description":"ut erat"},
{"_id":574,"qty":86,"price":315,"description":"in congue"},
{"_id":575,"qty":52,"price":826,"description":"eros"},
{"_id":576,"qty":38,"price":337,"description":"vel nisl duis"},
{"_id":577,"qty":45,"price":848,"description":"ultricies eu nibh"},
{"_id":578,"qty":34,"price":359,"description":"donec"},
{"_id":579,"qty":91,"price":870,"description":"mi sit"},
{"_id":580,"qty":80,"price":381,"description":"vestibulum ante"},
{"_id":581,"qty":89,"price":892,"description":"vivamus"},
{"_id":582,"qty":6,"price":403,"description":"id nisl venenatis"},
{"_id":583,"qty":65,"price":914,"description":"luctus ultricies eu"},
{"_id":584,"qty":22,"price":425,"description":"rhoncus dui"},
{"_id":585,"qty":14,"price":936,"description":"eros"},
{"_id":586,"qty":30,"price":447,"description":"leo"},
{"_id":587,"qty":100,"price":958,"description":"dolor vel"},
{"_id":588,"qty":14,"price":469,"description":"primis in faucibus"},
{"_id":589,"qty":77,"price":980,"description":"nullam molestie nibh"},
{"_id":590,"qty":35,"price":491,"description":"erat"},
{"_id":591,"qty":83,"price":2,"description":"quisque ut erat"},
{"_id":592,"qty":49,"price":513,"description":"ridiculus mus etiam"},
{"_id":593,"qty":20,"price":24,"description":"diam"},
{"_id":594,"qty":17,"price":535,"description":"sagittis dui"},
{"_id":595,"qty":13,"price":46,"description":"donec quis orci"},
{"_id":596,"qty":79,"price":557,"description":"montes nascetur ridiculus"},
{"_id":597,"qty":46,"price":68,"description":"dui nec"},
{"_id":598,"qty":40,"price":579,"description":"quam sollicitudin vitae"},
{"_id":599,"qty":6,"price":90,"description":"quis libero"},
{"_id":600,"qty":72,"price":601,"description":"phasellus sit"},
{"_id":601,"qty":94,"price":112,"description":"tincidunt nulla mollis"},
{"_id":602,"qty":3,"price":623,"description":"suspendisse ornare consequat"},
{"_id":603,"qty":94,"price":134,"description":"dui"},
{"_id":604,"qty":23,"price":645,"description":"praesent"},
{"_id":605,"qty":76,"price":156,"description":"a feugiat et"},
{"_id":606,"qty":9,"price":667,"description":"tincidunt"},
{"_id":607,"qty":6,"price":178,"description":"in tempus sit"},
{"_id":608,"qty":6,"price":689,"description":"convallis duis consequat"},
{"_id":609,"qty":35,"price":200,"description":"vestibulum eget"},
{"_id":610,"qty":98,"price":711,"description":"faucibus orci luctus"},
{"_id":611,"qty":11,"price":222,"description":"aliquet at"},
{"_id":612,"qty":61,"price":733,"description":"leo"},
{"_id":613,"qty":39,"price":244,"description":"mauris vulputate elementum"},
{"_id":614,"qty":79,"price":755,"description":"ut"},
{"_id":615,"qty":55,"price":266,"description":"a"},
{"_id":616,"qty":16,"price":777,"description":"rutrum at"},
{"_id":617,"qty":18,"price":288,"description":"posuere metus"},
{"_id":618,"qty":40,"price":799,"description":"odio donec vitae"},
{"_id":619,"qty":79,"price":310,"description":"eu"},
{"_id":620,"qty":80,"price":821,"description":"lectus pellentesque at"},
{"_id":621,"qty":17,"price":332,"description":"sollicitudin mi sit"},
{"_id":622,"qty":29,"price":843,"description":"ut blandit"},
{"_id":623,"qty":78,"price":354,"description":"blandit non"},
{"_id":624,"qty":34,"price":865,"description":"risus"},
{"_id":625,"qty":21,"price":376,"description":"nulla nunc"},
{"_id":626,"qty":83,"price":887,"description":"suspendisse potenti"},
{"_id":627,"qty":17,"price":398,"description":"mattis egestas metus"},
{"_id":628,"qty":22,"price":909,"description":"leo"},
{"_id":629,"qty":59,"price":420,"description":"vulputate nonummy maecenas"},
{"_id":630,"qty":61,"price":931,"description":"vestibulum"},
{"_id":631,"qty":92,"price":442,"description":"sociis"},
{"_id":632,"qty":3,"price":953,"description":"turpis"},
{"_id":633,"qty":51,"price":464,"description":"gravida nisi at"},
{"_id":634,"qty":50,"price":975,"description":"natoque penatibus"},
{"_id":635,"qty":5,"price":486,"description":"orci luctus et"},
{"_id":636,"qty":62,"price":997,"description":"quam sollicitudin vitae"},
{"_id":637,"qty":26,"price":508,"description":"commodo placerat praesent"},
{"_id":638,"qty":47,"price":19,"description":"blandit ultrices enim"},
{"_id":639,"qty":37,"price":530,"description":"ultrices"},
{"_id":640,"qty":12,"price":41,"description":"ultrices"},
{"_id":641,"qty":23,"price":552,"description":"feugiat"},
{"_id":642,"qty":34,"price":63,"description":"non ligula pellentesque"},
{"_id":643,"qty":70,"price":574,"description":"sit"},
{"_id":644,"qty":50,"price":85,"description":"montes nascetur ridiculus"},
{"_id":645,"qty":12,"price":596,"description":"in est"},
{"_id":646,"qty":75,"price":107,"description":"pharetra magna vestibulum"},
{"_id":647,"qty":25,"price":618,"description":"pulvinar lobortis"},
{"_id":648,"qty":61,"price":129,"description":"nec condimentum"},
{"_id":649,"qty":9,"price":640,"description":"vestibulum"},
{"_id":650,"qty":34,"price":151,"description":"maecenas pulvinar"},
{"_id":651,"qty":45,"price":662,"description":"viverra dapibus nulla"},
{"_id":652,"qty":38,"price":173,"description":"quis"},
{"_id":653,"qty":7,"price":684,"description":"lacus morbi sem"},
{"_id":654,"qty":60,"price":195,"description":"vivamus vestibulum sagittis"},
{"_id":655,"qty":86,"price":706,"description":"neque vestibulum eget"},
{"_id":656,"qty":92,"price":217,"description":"curae"},
{"_id":657,"qty":45,"price":728,"description":"sed lacus morbi"},
{"_id":658,"qty":70,"price":239,"description":"nisi vulputate"},
{"_id":659,"qty":0,"price":750,"description":"ut"},
{"_id":660,"qty":62,"price":261,"description":"mauris viverra"},
{"_id":661,"qty":25,"price":772,"description":"libero"},
{"_id":662,"qty":83,"price":283,"description":"augue"},
{"_id":663,"qty":42,"price":794,"description":"rhoncus"},
{"_id":664,"qty":64,"price":305,"description":"in est risus"},
{"_id":665,"qty":68,"price":816,"description":"erat vestibulum sed"},
{"_id":666,"qty":48,"price":327,"description":"venenatis lacinia"},
{"_id":667,"qty":14,"price":838,"description":"et magnis"},
{"_id":668,"qty":56,"price":349,"description":"nullam molestie nibh"},
{"_id":669,"qty":13,"price":860,"description":"volutpat dui"},
{"_id":670,"qty":81,"price":371,"description":"duis bibendum"},
{"_id":671,"qty":64,"price":882,"description":"ipsum primis in"},
{"_id":672,"qty":74,"price":393,"description":"eu"},
{"_id":673,"qty":13,"price":904,"description":"iaculis justo in"},
{"_id":674,"qty":88,"price":415,"description":"in libero ut"},
{"_id":675,"qty":9,"price":926,"description":"nulla ultrices"},
{"_id":676,"qty":45,"price":437,"description":"augue"},
{"_id":677,"qty":73,"price":948,"description":"pede justo"},
{"_id":678,"qty":72,"price":459,"description":"augue aliquam erat"},
{"_id":679,"qty":43,"price":970,"description":"blandit mi in"},
{"_id":680,"qty":80,"price":481,"description":"ut at"},
{"_id":681,"qty":67,"price":992,"description":"pulvinar nulla pede"},
{"_id":682,"qty":35,"price":503,"description":"eros"},
{"_id":683,"qty":54,"price":14,"description":"vitae mattis"},
{"_id":684,"qty":50,"price":525,"description":"volutpat quam pede"},
{"_id":685,"qty":19,"price":36,"description":"in"},
{"_id":686,"qty":25,"price":547,"description":"tellus nisi eu"},
{"_id":687,"qty":73,"price":58,"description":"nonummy maecenas tincidunt"},
{"_id":688,"qty":48,"price":569,"description":"nunc proin"},
{"_id":689,"qty":80,"price":80,"description":"blandit non"},
{"_id":690,"qty":25,"price":591,"description":"ipsum"},
{"_id":691,"qty":50,"price":102,"description":"luctus cum"},
{"_id":692,"qty":7,"price":613,"description":"eget eros elementum"},
{"_id":693,"qty":0,"price":124,"description":"nulla"},
{"_id":694,"qty":11,"price":635,"description":"luctus et"},
{"_id":695,"qty":6,"price":146,"description":"purus sit amet"},
{"_id":696,"qty":7,"price":657,"description":"id"},
{"_id":697,"qty":16,"price":168,"description":"tincidunt ante"},
{"_id":698,"qty":9,"price":679,"description":"ac"},
{"_id":699,"qty":64,"price":190,"description":"id"},
{"_id":700,"qty":26,"price":701,"description":"morbi porttitor"},
{"_id":701,"qty":16,"price":212,"description":"blandit"},
{"_id":702,"qty":39,"price":723,"description":"justo"},
{"_id":703,"qty":92,"price":234,"description":"turpis"},
{"_id":704,"qty":86,"price":745,"description":"nullam porttitor lacus"},
{"_id":705,"qty":89,"price":256,"description":"ac consequat metus"},
{"_id":706,"qty":30,"price":767,"description":"justo sollicitudin"},
{"_id":707,"qty":88,"price":278,"description":"felis donec"},
{"_id":708,"qty":73,"price":789,"description":"non mattis pulvinar"},
{"_id":709,"qty":33,"price":300,"description":"neque"},
{"_id":710,"qty":34,"price":811,"description":"blandit"},
{"_id":711,"qty":97,"price":322,"description":"varius ut blandit"},
{"_id":712,"qty":45,"price":833,"description":"ultrices posuere cubilia"},
{"_id":713,"qty":28,"price":344,"description":"quam pharetra"},
{"_id":714,"qty":10,"price":855,"description":"diam nam tristique"},
{"_id":715,"qty":88,"price":366,"description":"dictumst morbi vestibulum"},
{"_id":716,"qty":7,"price":877,"description":"maecenas ut"},
{"_id":717,"qty":66,"price":388,"description":"ut"},
{"_id":718,"qty":28,"price":899,"description":"ante vestibulum ante"},
{"_id":719,"qty":23,"price":410,"description":"ut tellus"},
{"_id":720,"qty":25,"price":921,"description":"in purus"},
{"_id":721,"qty":52,"price":432,"description":"eget semper"},
{"_id":722,"qty":68,"price":943,"description":"euismod scelerisque quam"},
{"_id":723,"qty":31,"price":454,"description":"vestibulum velit"},
{"_id":724,"qty":63,"price":965,"description":"libero nam dui"},
{"_id":725,"qty":47,"price":476,"description":"ac lobortis"},
{"_id":726,"qty":38,"price":987,"description":"sit amet"},
{"_id":727,"qty":96,"price":498,"description":"tempus sit amet"},
{"_id":728,"qty":98,"price":9,"description":"feugiat"},
{"_id":729,"qty":59,"price":520,"description":"est donec"},
{"_id":730,"qty":27,"price":31,"description":"lacus morbi"},
{"_id":731,"qty":60,"price":542,"description":"tincidunt"},
{"_id":732,"qty":93,"price":53,"description":"lorem"},
{"_id":733,"qty":26,"price":564,"description":"pede"},
{"_id":734,"qty":57,"price":75,"description":"quisque id justo"},
{"_id":735,"qty":22,"price":586,"description":"odio consequat"},
{"_id":736,"qty":19,"price":97,"description":"cras"},
{"_id":737,"qty":37,"price":608,"description":"at"},
{"_id":738,"qty":89,"price":119,"description":"praesent blandit nam"},
{"_id":739,"qty":32,"price":630,"description":"magna at"},
{"_id":740,"qty":85,"price":141,"description":"pellentesque"},
{"_id":741,"qty":90,"price":652,"description":"in quam fringilla"},
{"_id":742,"qty":84,"price":163,"description":"tortor eu"},
{"_id":743,"qty":91,"price":674,"description":"pellentesque"},
{"_id":744,"qty":34,"price":185,"description":"parturient"},
{"_id":745,"qty":35,"price":696,"description":"semper interdum mauris"},
{"_id":746,"qty":24,"price":207,"description":"ut erat"},
{"_id":747,"qty":13,"price":718,"description":"amet cursus"},
{"_id":748,"qty":56,"price":229,"description":"est lacinia"},
{"_id":749,"qty":34,"price":740,"description":"in faucibus orci"},
{"_id":750,"qty":47,"price":251,"description":"sed sagittis"},
{"_id":751,"qty":87,"price":762,"description":"elit ac nulla"},
{"_id":752,"qty":48,"price":273,"description":"condimentum curabitur"},
{"_id":753,"qty":50,"price":784,"description":"varius integer"},
{"_id":754,"qty":40,"price":295,"description":"faucibus accumsan odio"},
{"_id":755,"qty":3,"price":806,"description":"non mauris"},
{"_id":756,"qty":49,"price":317,"description":"ante vivamus"},
{"_id":757,"qty":88,"price":828,"description":"malesuada"},
{"_id":758,"qty":75,"price":339,"description":"vitae"},
{"_id":759,"qty":6,"price":850,"description":"rhoncus sed"},
{"_id":760,"qty":7,"price":361,"description":"adipiscing"},
{"_id":761,"qty":84,"price":872,"description":"in magna"},
{"_id":762,"qty":94,"price":383,"description":"in quam fringilla"},
{"_id":763,"qty":8,"price":894,"description":"libero convallis"},
{"_id":764,"qty":46,"price":405,"description":"maecenas tristique est"},
{"_id":765,"qty":60,"price":916,"description":"quis"},
{"_id":766,"qty":76,"price":427,"description":"phasellus"},
{"_id":767,"qty":26,"price":938,"description":"volutpat"},
{"_id":768,"qty":58,"price":449,"description":"neque sapien placerat"},
{"_id":769,"qty":7,"price":960,"description":"at nulla"},
{"_id":770,"qty":1,"price":471,"description":"maecenas"},
{"_id":771,"qty":88,"price":982,"description":"ornare imperdiet sapien"},
{"_id":772,"qty":17,"price":493,"description":"pretium iaculis justo"},
{"_id":773,"qty":50,"price":4,"description":"pharetra magna vestibulum"},
{"_id":774,"qty":10,"price":515,"description":"ipsum dolor"},
{"_id":775,"qty":21,"price":26,"description":"nulla sed accumsan"},
{"_id":776,"qty":17,"price":537,"description":"massa id lobortis"},
{"_id":777,"qty":11,"price":48,"description":"quisque erat eros"},
{"_id":778,"qty":66,"price":559,"description":"est donec odio"},
{"_id":779,"qty":58,"price":70,"description":"vel"},
{"_id":780,"qty":54,"price":581,"description":"justo"},
{"_id":781,"qty":57,"price":92,"description":"a nibh in"},
{"_id":782,"qty":37,"price":603,"description":"risus dapibus"},
{"_id":783,"qty":14,"price":114,"description":"in lacus"},
{"_id":784,"qty":96,"price":625,"description":"pede"},
{"_id":785,"qty":7,"price":136,"description":"tempus sit amet"},
{"_id":786,"qty":62,"price":647,"description":"consequat metus sapien"},
{"_id":787,"qty":94,"price":158,"description":"sapien"},
{"_id":788,"qty":65,"price":669,"description":"phasellus id sapien"},
{"_id":789,"qty":48,"price":180,"description":"mauris"},
{"_id":790,"qty":38,"price":691,"description":"orci luctus"},
{"_id":791,"qty":81,"price":202,"description":"nisl duis ac"},
{"_id":792,"qty":60,"price":713,"description":"integer non velit"},
{"_id":793,"qty":31,"price":224,"description":"nullam"},
{"_id":794,"qty":62,"price":735,"description":"justo in blandit"},
{"_id":795,"qty":13,"price":246,"description":"vehicula"},
{"_id":796,"qty":30,"price":757,"description":"mi"},
{"_id":797,"qty":89,"price":268,"description":"non mi integer"},
{"_id":798,"qty":63,"price":779,"description":"tincidunt nulla mollis"},
{"_id":799,"qty":38,"price":290,"description":"dolor quis"},
{"_id":800,"qty":46,"price":801,"description":"enim leo"},
{"_id":801,"qty":80,"price":312,"description":"pede"},
{"_id":802,"qty":6,"price":823,"description":"amet eleifend"},
{"_id":803,"qty":18,"price":334,"description":"vivamus tortor duis"},
{"_id":804,"qty":34,"price":845,"description":"nulla tempus vivamus"},
{"_id":805,"qty":20,"price":356,"description":"risus dapibus augue"},
{"_id":806,"qty":3,"price":867,"description":"nam congue"},
{"_id":807,"qty":22,"price":378,"description":"vestibulum"},
{"_id":808,"qty":65,"price":889,"description":"ultrices mattis"},
{"_id":809,"qty":69,"price":400,"description":"nibh"},
{"_id":810,"qty":28,"price":911,"description":"morbi sem mauris"},
{"_id":811,"qty":50,"price":422,"description":"praesent lectus"},
{"_id":812,"qty":99,"price":933,"description":"elit"},
{"_id":813,"qty":94,"price":444,"description":"mauris"},
{"_id":814,"qty":69,"price":955,"description":"in"},
{"_id":815,"qty":54,"price":466,"description":"aliquet at feugiat"},
{"_id":816,"qty":11,"price":977,"description":"hac"},
{"_id":817,"qty":65,"price":488,"description":"amet eleifend pede"},
{"_id":818,"qty":45,"price":999,"description":"amet consectetuer adipiscing"},
{"_id":819,"qty":52,"price":510,"description":"cubilia"},
{"_id":820,"qty":100,"price":21,"description":"non ligula pellentesque"},
{"_id":821,"qty":67,"price":532,"description":"aliquam"},
{"_id":822,"qty":88,"price":43,"description":"dis"},
{"_id":823,"qty":69,"price":554,"description":"ante vivamus tortor"},
{"_id":824,"qty":52,"price":65,"description":"amet lobortis sapien"},
{"_id":825,"qty":12,"price":576,"description":"at dolor quis"},
{"_id":826,"qty":96,"price":87,"description":"ante vestibulum"},
{"_id":827,"qty":18,"price":598,"description":"interdum mauris"},
{"_id":828,"qty":1,"price":109,"description":"tellus in"},
{"_id":829,"qty":49,"price":620,"description":"convallis"},
{"_id":830,"qty":74,"price":131,"description":"felis sed interdum"},
{"_id":831,"qty":10,"price":642,"description":"dictumst morbi vestibulum"},
{"_id":832,"qty":77,"price":153,"description":"potenti nullam"},
{"_id":833,"qty":38,"price":664,"description":"justo sit amet"},
{"_id":834,"qty":0,"price":175,"description":"semper rutrum nulla"},
{"_id":835,"qty":100,"price":686,"description":"at velit"},
{"_id":836,"qty":46,"price":197,"description":"eget"},
{"_id":837,"qty":51,"price":708,"description":"posuere"},
{"_id":838,"qty":3,"price":219,"description":"sem"},
{"_id":839,"qty":34,"price":730,"description":"quis tortor id"},
{"_id":840,"qty":84,"price":241,"description":"lectus suspendisse potenti"},
{"_id":841,"qty":48,"price":752,"description":"erat vestibulum sed"},
{"_id":842,"qty":48,"price":263,"description":"et tempus semper"},
{"_id":843,"qty":70,"price":774,"description":"dictumst"},
{"_id":844,"qty":97,"price":285,"description":"odio donec"},
{"_id":845,"qty":74,"price":796,"description":"ipsum praesent"},
{"_id":846,"qty":40,"price":307,"description":"lectus in"},
{"_id":847,"qty":11,"price":818,"description":"turpis"},
{"_id":848,"qty":9,"price":329,"description":"porttitor pede justo"},
{"_id":849,"qty":82,"price":840,"description":"erat volutpat in"},
{"_id":850,"qty":69,"price":351,"description":"cubilia curae donec"},
{"_id":851,"qty":69,"price":862,"description":"potenti nullam porttitor"},
{"_id":852,"qty":84,"price":373,"description":"aenean"},
{"_id":853,"qty":64,"price":884,"description":"justo eu massa"},
{"_id":854,"qty":18,"price":395,"description":"nullam molestie nibh"},
{"_id":855,"qty":10,"price":906,"description":"quam pede lobortis"},
{"_id":856,"qty":78,"price":417,"description":"sed nisl"},
{"_id":857,"qty":30,"price":928,"description":"sem fusce"},
{"_id":858,"qty":79,"price":439,"description":"convallis nulla"},
{"_id":859,"qty":47,"price":950,"description":"vitae"},
{"_id":860,"qty":12,"price":461,"description":"justo aliquam quis"},
{"_id":861,"qty":40,"price":972,"description":"vulputate nonummy maecenas"},
{"_id":862,"qty":33,"price":483,"description":"interdum mauris ullamcorper"},
{"_id":863,"qty":50,"price":994,"description":"massa volutpat convallis"},
{"_id":864,"qty":65,"price":505,"description":"arcu"},
{"_id":865,"qty":23,"price":16,"description":"volutpat sapien"},
{"_id":866,"qty":82,"price":527,"description":"tortor eu pede"},
{"_id":867,"qty":39,"price":38,"description":"aliquet at feugiat"},
{"_id":868,"qty":35,"price":549,"description":"tortor risus"},
{"_id":869,"qty":83,"price":60,"description":"justo"},
{"_id":870,"qty":81,"price":571,"description":"ornare consequat"},
{"_id":871,"qty":31,"price":82,"description":"nec nisi vulputate"},
{"_id":872,"qty":43,"price":593,"description":"amet nunc"},
{"_id":873,"qty":33,"price":104,"description":"habitasse"},
{"_id":874,"qty":96,"price":615,"description":"ultricies eu"},
{"_id":875,"qty":97,"price":126,"description":"dignissim vestibulum vestibulum"},
{"_id":876,"qty":66,"price":637,"description":"nonummy"},
{"_id":877,"qty":39,"price":148,"description":"mi"},
{"_id":878,"qty":19,"price":659,"description":"cras"},
{"_id":879,"qty":17,"price":170,"description":"nibh in lectus"},
{"_id":880,"qty":41,"price":681,"description":"habitasse platea dictumst"},
{"_id":881,"qty":27,"price":192,"description":"pellentesque"},
{"_id":882,"qty":78,"price":703,"description":"luctus"},
{"_id":883,"qty":45,"price":214,"description":"vulputate justo"},
{"_id":884,"qty":71,"price":725,"description":"in consequat"},
{"_id":885,"qty":6,"price":236,"description":"nec molestie"},
{"_id":886,"qty":7,"price":747,"description":"accumsan"},
{"_id":887,"qty":77,"price":258,"description":"consequat"},
{"_id":888,"qty":69,"price":769,"description":"vel augue"},
{"_id":889,"qty":21,"price":280,"description":"sed lacus"},
{"_id":890,"qty":66,"price":791,"description":"curae nulla dapibus"},
{"_id":891,"qty":6,"price":302,"description":"eros"},
{"_id":892,"qty":88,"price":813,"description":"purus phasellus"},
{"_id":893,"qty":21,"price":324,"description":"diam"},
{"_id":894,"qty":23,"price":835,"description":"mauris ullamcorper purus"},
{"_id":895,"qty":51,"price":346,"description":"donec posuere"},
{"_id":896,"qty":1,"price":857,"description":"sagittis sapien cum"},
{"_id":897,"qty":22,"price":368,"description":"lorem vitae"},
{"_id":898,"qty":85,"price":879,"description":"quam"},
{"_id":899,"qty":12,"price":390,"description":"suspendisse potenti"},
{"_id":900,"qty":32,"price":901,"description":"vivamus vestibulum sagittis"},
{"_id":901,"qty":6,"price":412,"description":"orci mauris"},
{"_id":902,"qty":28,"price":923,"description":"tellus in sagittis"},
{"_id":903,"qty":84,"price":434,"description":"eros vestibulum"},
{"_id":904,"qty":39,"price":945,"description":"nam nulla"},
{"_id":905,"qty":72,"price":456,"description":"porttitor"},
{"_id":906,"qty":58,"price":967,"description":"nam tristique tortor"},
{"_id":907,"qty":74,"price":478,"description":"in tempus sit"},
{"_id":908,"qty":15,"price":989,"description":"pellentesque volutpat"},
{"_id":909,"qty":93,"price":500,"description":"tincidunt eu felis"},
{"_id":910,"qty":81,"price":11,"description":"volutpat convallis morbi"},
{"_id":911,"qty":89,"price":522,"description":"amet diam in"},
{"_id":912,"qty":86,"price":33,"description":"vel accumsan"},
{"_id":913,"qty":6,"price":544,"description":"nullam porttitor"},
{"_id":914,"qty":8,"price":55,"description":"est risus auctor"},
{"_id":915,"qty":33,"price":566,"description":"est quam"},
{"_id":916,"qty":93,"price":77,"description":"venenatis tristique fusce"},
{"_id":917,"qty":29,"price":588,"description":"nulla suspendisse potenti"},
{"_id":918,"qty":65,"price":99,"description":"lorem integer"},
{"_id":919,"qty":10,"price":610,"description":"nulla"},
{"_id":920,"qty":85,"price":121,"description":"sapien arcu sed"},
{"_id":921,"qty":4,"price":632,"description":"ridiculus"},
{"_id":922,"qty":17,"price":143,"description":"auctor"},
{"_id":923,"qty":55,"price":654,"description":"consectetuer eget rutrum"},
{"_id":924,"qty":41,"price":165,"description":"morbi quis"},
{"_id":925,"qty":47,"price":676,"description":"in"},
{"_id":926,"qty":55,"price":187,"description":"eget orci vehicula"},
{"_id":927,"qty":72,"price":698,"description":"tristique fusce"},
{"_id":928,"qty":61,"price":209,"description":"tincidunt ante"},
{"_id":929,"qty":30,"price":720,"description":"placerat"},
{"_id":930,"qty":6,"price":231,"description":"augue"},
{"_id":931,"qty":5,"price":742,"description":"eu sapien cursus"},
{"_id":932,"qty":11,"price":253,"description":"cursus urna"},
{"_id":933,"qty":89,"price":764,"description":"elementum eu"},
{"_id":934,"qty":34,"price":275,"description":"at velit vivamus"},
{"_id":935,"qty":21,"price":786,"description":"nulla ac enim"},
{"_id":936,"qty":62,"price":297,"description":"sit amet justo"},
{"_id":937,"qty":65,"price":808,"description":"at nunc commodo"},
{"_id":938,"qty":93,"price":319,"description":"turpis nec"},
{"_id":939,"qty":58,"price":830,"description":"nonummy integer non"},
{"_id":940,"qty":43,"price":341,"description":"purus eu magna"},
{"_id":941,"qty":99,"price":852,"description":"nunc vestibulum ante"},
{"_id":942,"qty":49,"price":363,"description":"montes"},
{"_id":943,"qty":10,"price":874,"description":"nec euismod"},
{"_id":944,"qty":67,"price":385,"description":"pretium quis lectus"},
{"_id":945,"qty":50,"price":896,"description":"amet justo"},
{"_id":946,"qty":10,"price":407,"description":"natoque"},
{"_id":947,"qty":9,"price":918,"description":"pede morbi"},
{"_id":948,"qty":64,"price":429,"description":"nulla suspendisse"},
{"_id":949,"qty":61,"price":940,"description":"ut ultrices vel"},
{"_id":950,"qty":51,"price":451,"description":"magna"},
{"_id":951,"qty":58,"price":962,"description":"feugiat"},
{"_id":952,"qty":20,"price":473,"description":"ipsum primis"},
{"_id":953,"qty":97,"price":984,"description":"mollis"},
{"_id":954,"qty":77,"price":495,"description":"mauris"},
{"_id":955,"qty":73,"price":6,"description":"luctus et ultrices"},
{"_id":956,"qty":54,"price":517,"description":"erat"},
{"_id":957,"qty":60,"price":28,"description":"sit amet"},
{"_id":958,"qty":20,"price":539,"description":"in est risus"},
{"_id":959,"qty":14,"price":50,"description":"auctor sed tristique"},
{"_id":960,"qty":55,"price":561,"description":"integer tincidunt ante"},
{"_id":961,"qty":84,"price":72,"description":"neque vestibulum eget"},
{"_id":962,"qty":60,"price":583,"description":"pede ullamcorper"},
{"_id":963,"qty":3,"price":94,"description":"vestibulum vestibulum"},
{"_id":964,"qty":36,"price":605,"description":"mi sit"},
{"_id":965,"qty":5,"price":116,"description":"sem mauris laoreet"},
{"_id":966,"qty":84,"price":627,"description":"porttitor"},
{"_id":967,"qty":1,"price":138,"description":"pretium nisl ut"},
{"_id":968,"qty":49,"price":649,"description":"donec"},
{"_id":969,"qty":24,"price":160,"description":"non ligula"},
{"_id":970,"qty":75,"price":671,"description":"quis"},
{"_id":971,"qty":90,"price":182,"description":"tortor eu"},
{"_id":972,"qty":1,"price":693,"description":"venenatis"},
{"_id":973,"qty":26,"price":204,"description":"neque"},
{"_id":974,"qty":22,"price":715,"description":"nulla nisl nunc"},
{"_id":975,"qty":82,"price":226,"description":"magnis dis"},
{"_id":976,"qty":36,"price":737,"description":"nisi at nibh"},
{"_id":977,"qty":37,"price":248,"description":"mattis"},
{"_id":978,"qty":31,"price":759,"description":"ut blandit"},
{"_id":979,"qty":99,"price":270,"description":"at dolor quis"},
{"_id":980,"qty":39,"price":781,"description":"erat fermentum"},
{"_id":981,"qty":95,"price":292,"description":"vestibulum sit"},
{"_id":982,"qty":24,"price":803,"description":"in quam"},
{"_id":983,"qty":74,"price":314,"description":"quis augue luctus"},
{"_id":984,"qty":72,"price":825,"description":"pede ac"},
{"_id":985,"qty":51,"price":336,"description":"luctus nec"},
{"_id":986,"qty":55,"price":847,"description":"ac lobortis"},
{"_id":987,"qty":31,"price":358,"description":"et"},
{"_id":988,"qty":6,"price":869,"description":"nisl venenatis"},
{"_id":989,"qty":90,"price":380,"description":"cras"},
{"_id":990,"qty":29,"price":891,"description":"vulputate vitae"},
{"_id":991,"qty":94,"price":402,"description":"volutpat convallis"},
{"_id":992,"qty":7,"price":913,"description":"lorem ipsum dolor"},
{"_id":993,"qty":28,"price":424,"description":"nulla"},
{"_id":994,"qty":30,"price":935,"description":"nulla suspendisse"},
{"_id":995,"qty":86,"price":446,"description":"pede justo"},
{"_id":996,"qty":18,"price":957,"description":"aliquam augue quam"},
{"_id":997,"qty":92,"price":468,"description":"justo sollicitudin ut"},
{"_id":998,"qty":79,"price":979,"description":"ut blandit"},
{"_id":999,"qty":76,"price":490,"description":"et"},
{"_id":1000,"qty":70,"price":1,"description":"diam"}]