{"Author_ID":1,"A_Name":"Houda","A_Last":"Abbad","Email":"houda.abbad@lycos.com"}
{"Author_ID":2,"A_Name":"Hideo","A_Last":"Bannai","Email":"bannai@inf.kyushu-u.ac.jp"}
{"Author_ID":3,"A_Name":"Mutlu","A_Last":"Beyazit","Email":"beyazit@adt.upb.de"}
{"Author_ID":4,"A_Name":"Francine","A_Last":"Blanchet-Sadri","Email":"blanchet@uncg.edu"}
{"Author_ID":5,"A_Name":"Janusz","A_Last":"Brzozowski","Email":"brzozo@uwaterloo.ca"}
{"Author_ID":6,"A_Name":"Cezar","A_Last":"Campeanu","Email":"cezar@sun11.math.upei.ca"}
{"Author_ID":7,"A_Name":"Mathieu","A_Last":"Caralp","Email":"mathieu.caralp@lif.univ-mrs.fr"}
{"Author_ID":8,"A_Name":"Pascal","A_Last":"Caron","Email":"pascal.caron@univ-rouen.fr"}
{"Author_ID":9,"A_Name":"Jean-Marc","A_Last":"Champarnaud","Email":"Jean-Marc.Champarnaud@univ-rouen.fr"}
{"Author_ID":10,"A_Name":"Dmitry","A_Last":"Chistikov","Email":"dch@mpi-sws.org"}
{"Author_ID":11,"A_Name":"Christian","A_Last":"Choffrut","Email":"Christian.Choffrut@liafa.jussieu.fr"}
{"Author_ID":12,"A_Name":"Stefano","A_Last":"Crespi-Reghizzi","Email":"stefano.crespireghizzi@polimi.it"}
{"Author_ID":13,"A_Name":"Denis","A_Last":"Debarbieux","Email":"denis.debarbieux@inria.fr"}
{"Author_ID":14,"A_Name":"Pierpaolo","A_Last":"Degano","Email":"degano@di.unipi.it"}
{"Author_ID":15,"A_Name":"Akim","A_Last":"Demaille","Email":"akim.demaille@gmail.com"}
{"Author_ID":16,"A_Name":"Michael","A_Last":"Domaratzki","Email":"mdomarat@cs.umanitoba.ca"}
{"Author_ID":17,"A_Name":"Frank","A_Last":"Drewes","Email":"drewes@cs.umu.se"}
{"Author_ID":18,"A_Name":"Alexandre","A_Last":"Duret-Lutz","Email":"adl@lrde.epita.fr"}
{"Author_ID":19,"A_Name":"Gianluigi","A_Last":"Ferrari","Email":"giangi@di.unipi.it"}
{"Author_ID":20,"A_Name":"Olivier","A_Last":"Gauwin","Email":"olivier.gauwin@labri.fr"}
{"Author_ID":21,"A_Name":"Thomas","A_Last":"Genet","Email":"thomas.genet@irisa.fr"}
{"Author_ID":22,"A_Name":"Daniela","A_Last":"Genova","Email":"d.genova@unf.edu"}
{"Author_ID":23,"A_Name":"Yuri","A_Last":"Gurevich","Email":"gurevich@microsoft.com"}
{"Author_ID":24,"A_Name":"Yo-Sub","A_Last":"Han","Email":"emmous@cs.yonsei.ac.kr"}
{"Author_ID":25,"A_Name":"MdMahbubul","A_Last":"Hasan","Email":"shanto86@gmail.com"}
{"Author_ID":26,"A_Name":"Pierre-Cyrille","A_Last":"Heam","Email":"pheam@femto-st.fr"}
{"Author_ID":27,"A_Name":"Fritz","A_Last":"Henglein","Email":"henglein@diku.dk"}
{"Author_ID":28,"A_Name":"Jan","A_Last":"Holub","Email":"Jan.Holub@fit.cvut.cz"}
{"Author_ID":29,"A_Name":"Markus","A_Last":"Holzer","Email":"holzer@informatik.uni-giessen.de"}
{"Author_ID":30,"A_Name":"Tomohiro","A_Last":"I","Email":"tomohiro.i@inf.kyushu-u.ac.jp"}
{"Author_ID":31,"A_Name":"A.S.M.Sohidull","A_Last":"Islam","Email":"sohansayed@gmail.com"}
{"Author_ID":32,"A_Name":"Masami","A_Last":"Ito","Email":"ito@cc.kyoto-su.ac.jp"}
{"Author_ID":33,"A_Name":"Sebastian","A_Last":"Jakobi","Email":"sebastian.jakobi@informatik.uni-giessen.de"}
{"Author_ID":34,"A_Name":"Jozef","A_Last":"Jirasek","Email":"jozef.jirasek@upjs.sk"}
{"Author_ID":35,"A_Name":"Oscar","A_Last":"Ibarra","Email":"ibarra@cs.ucsb.edu"}
{"Author_ID":36,"A_Name":"Shunsuke","A_Last":"Inenaga","Email":"inenaga@inf.kyushu-u.ac.jp"}
{"Author_ID":37,"A_Name":"Alois","A_Last":"Dreyfus","Email":"alois.dreyfus@femto-st.fr"}
{"Author_ID":38,"A_Name":"Galina","A_Last":"Jiraskova","Email":"jiraskov@saske.sk"}
{"Author_ID":39,"A_Name":"Natasa","A_Last":"Jonoska","Email":"jonoska@math.usf.edu"}
{"Author_ID":40,"A_Name":"Helmut","A_Last":"Jurgensen","Email":"hjj@csd.uwo.ca"}
{"Author_ID":41,"A_Name":"Lila","A_Last":"Kari","Email":"lila@csd.uwo.ca"}
{"Author_ID":42,"A_Name":"Andrzej","A_Last":"Kisielewicz","Email":"andrzej.kisielewicz@gmail.com"}
{"Author_ID":43,"A_Name":"Sang-Ki","A_Last":"Ko","Email":"narame7@cs.yonsei.ac.kr"}
{"Author_ID":44,"A_Name":"Stavros","A_Last":"Konstantinidis","Email":"s.konstantinidis@smu.ca"}
{"Author_ID":45,"A_Name":"Olga","A_Last":"Kouchnarenko","Email":"olga.kouchnarenko@femto-st.fr"}
{"Author_ID":46,"A_Name":"Dexter","A_Last":"Kozen","Email":"kozen@cs.cornell.edu"}
{"Author_ID":47,"A_Name":"Wener","A_Last":"Kuich","Email":"kuich@tuwien.ac.at"}
{"Author_ID":48,"A_Name":"Natalia","A_Last":"Kushik","Email":"ngkushik@gmail.com"}
{"Author_ID":49,"A_Name":"Martin","A_Last":"Kutrib","Email":"kutrib@informatik.uni-giessen.de"}
{"Author_ID":50,"A_Name":"Tristan","A_Last":"LeGall","Email":"tristan.le-gall@cea.fr"}
{"Author_ID":51,"A_Name":"Axel","A_Last":"Legay","Email":"axel.legay@inria.fr"}
{"Author_ID":52,"A_Name":"Pawan","A_Last":"Lingras","Email":"pawan.lingras@smu.ca"}
{"Author_ID":53,"A_Name":"Norma","A_Last":"Linney","Email":"norma.linney@smu.ca"}
{"Author_ID":54,"A_Name":"Sylvain","A_Last":"Lombardy","Email":"Sylvain.Lombardy@labri.fr"}
{"Author_ID":55,"A_Name":"Eva","A_Last":"Maia","Email":"emaia@dcc.fc.up.pt"}
{"Author_ID":56,"A_Name":"Rupak","A_Last":"Majumdar","Email":"rupak@mpi-sws.org"}
{"Author_ID":57,"A_Name":"Andreas","A_Last":"Malcher","Email":"andreas.malcher@informatik.uni-giessen.de"}
{"Author_ID":58,"A_Name":"Andreas","A_Last":"Maletti","Email":"andreas.maletti@ims.uni-stuttgart.de"}
{"Author_ID":59,"A_Name":"Sebastian","A_Last":"Maneth","Email":"Sebastian.Maneth@gmail.com"}
{"Author_ID":60,"A_Name":"Denis","A_Last":"Maurel","Email":"denis.maurel@univ-tours.fr"}
{"Author_ID":61,"A_Name":"Carlo","A_Last":"Mereghetti","Email":"mereghetti@di.unimi.it"}
{"Author_ID":62,"A_Name":"Gianluca","A_Last":"Mezzetti","Email":"mezzetti@di.unipi.it"}
{"Author_ID":63,"A_Name":"Nelma","A_Last":"Moreira","Email":"nam@dcc.fc.up.pt"}
{"Author_ID":64,"A_Name":"Frantisek","A_Last":"Mraz","Email":"mraz@ksvi.ms.mff.cuni.cz"}
{"Author_ID":65,"A_Name":"Paul","A_Last":"Muir","Email":"muir@smu.ca"}
{"Author_ID":66,"A_Name":"Valerie","A_Last":"Murat","Email":"valerie.murat@inria.fr"}
{"Author_ID":67,"A_Name":"Joachim","A_Last":"Niehren","Email":"joachim.niehren@inria.fr"}
{"Author_ID":68,"A_Name":"Lasse","A_Last":"Nielsen","Email":"lasse.nielsen.dk@gmail.com"}
{"Author_ID":69,"A_Name":"Takaaki","A_Last":"Nishimoto","Email":"a32b16c4@gmail.com"}
{"Author_ID":70,"A_Name":"Friedrich","A_Last":"Otto","Email":"otto@theory.informatik.uni-kassel.de"}
{"Author_ID":71,"A_Name":"Beatrice","A_Last":"Palano","Email":"palano@dsi.unimi.it"}
{"Author_ID":72,"A_Name":"Giovanni","A_Last":"Pighizzini","Email":"pighizzini@dico.unimi.it"}
{"Author_ID":73,"A_Name":"Daniel","A_Last":"Prusa","Email":"prusapa1@cmp.felk.cvut.cz"}
{"Author_ID":74,"A_Name":"M.Sohel","A_Last":"Rahman","Email":"sohel.kcl@gmail.com"}
{"Author_ID":75,"A_Name":"Ian","A_Last":"McQuillan","Email":"mcquillan@cs.usask.ca"}
{"Author_ID":76,"A_Name":"George","A_Last":"Rahonis","Email":"grahonis@math.auth.gr"}
{"Author_ID":77,"A_Name":"Bala","A_Last":"Ravikumar","Email":"ravi@cs.sonoma.edu"}
{"Author_ID":78,"A_Name":"Daniel","A_Last":"Reidenbach","Email":"D.Reidenbach@lboro.ac.uk"}
{"Author_ID":79,"A_Name":"Rogerio","A_Last":"Reis","Email":"rvr@dcc.fc.up.pt"}
{"Author_ID":80,"A_Name":"Pierre-Alain","A_Last":"Reynier","Email":"pierre-alain.reynier@lif.univ-mrs.fr"}
{"Author_ID":81,"A_Name":"Jacques","A_Last":"Sakarovitch","Email":"sakarovitch@telecom-paristech.fr"}
{"Author_ID":82,"A_Name":"Michel","A_Last":"Rigo","Email":"m.rigo@ulg.ac.be"}
{"Author_ID":83,"A_Name":"Kai","A_Last":"Salomaa","Email":"ksalomaa@cs.queensu.ca"}
{"Author_ID":84,"A_Name":"Pierluigi","A_Last":"San-Pietro","Email":"pierluigi.sanpietro@polimi.it"}
{"Author_ID":85,"A_Name":"Porter","A_Last":"Scobey","Email":"porter.scobey@smu.ca"}
{"Author_ID":86,"A_Name":"Tom","A_Last":"Sebastian","Email":"tom.sebastian@inria.fr"}
{"Author_ID":87,"A_Name":"Ayon","A_Last":"Sen","Email":"ayonsn@gmail.com"}
{"Author_ID":88,"A_Name":"Geraud","A_Last":"Senizergues","Email":"ges@labri.fr"}
{"Author_ID":89,"A_Name":"Klaus","A_Last":"Sutner","Email":"sutner@cs.cmu.edu"}
{"Author_ID":90,"A_Name":"Marek","A_Last":"Szykula","Email":"marek.esz@gmail.com"}
{"Author_ID":91,"A_Name":"Masayuki","A_Last":"Takeda","Email":"takeda@inf.kyushu-u.ac.jp"}
{"Author_ID":92,"A_Name":"Jean-Marc","A_Last":"Talbot","Email":"jean-marc.talbot@lif.univ-mrs.fr"}
{"Author_ID":93,"A_Name":"Marc","A_Last":"Tommasi","Email":"Marc.Tommasi@univ-lille3.fr"}
{"Author_ID":94,"A_Name":"Mikhail","A_Last":"Volkov","Email":"Mikhail.Volkov@usu.ru"}
{"Author_ID":95,"A_Name":"Bruce","A_Last":"Watson","Email":"bruce@fastar.org"}
{"Author_ID":96,"A_Name":"Matthias","A_Last":"Wendlandt","Email":"matthias.wendlandt@informatik.uni-giessen.de"}
{"Author_ID":97,"A_Name":"Hsu-Chun","A_Last":"Yen","Email":"yen@cc.ee.ntu.edu.tw"}
{"Author_ID":98,"A_Name":"Nina","A_Last":"Yevtushenko","Email":"ninayevtushenko@yahoo.com"}
{"Author_ID":99,"A_Name":"Mohamed","A_Last":"Zergaoui","Email":"innovimax@gmail.com"}
{"Author_ID":100,"A_Name":"Alexander","A_Last":"Okhotin","Email":"alexander.okhotin@utu.fi"}

